產業分類,個股代碼名稱,產業定位,公司業務說明,在該產業的地位與優勢
ABF載板/IC載板,欣興 (3037),龍頭,全球ABF載板龍頭，市占率全球第一。主要產品為16層以上高階ABF載板，AI相關營收占比超過50%，為NVIDIA Blackwell平台全球第二大載板供應商。聯電集團企業。,技術領先，與上游材料商(味之素)及下游封測廠(日月光)合作緊密，高階ABF載板(16層以上)產品占比達60%，產能利用率滿載，訂單能見度延伸至2026年底。
ABF載板/IC載板,南電 (8046),前三大,台灣ABF載板產值亞軍，南亞集團企業。產品結構70%為BT載板與非長約ABF載板，ABF載板營收占比預估達55%，在800G交換器市場市占居高。,非長約比率高，最直接受益於此波ABF載板漲價循環。受惠AI伺服器與高階網通雙引擎拉動，2025年Q4 EPS達1.86元，獲利能力優於市場預期。外資目標價上看1050元。
ABF載板/IC載板,景碩 (3189),前三大,全球覆晶載板(FC-BGA)主要供應商，BT載板市占率全球最高之一，同時具備ABF載板生產能力，產品橫跨BT與ABF雙主線。,ABF三雄中唯一兼具BT+ABF雙產品線優勢，受惠記憶體需求與AI伺服器需求雙重拉動。2026年被視為獲利大躍進年，分析師普遍調升全年EPS預估。
ABF載板/IC載板,臻鼎-KY (4958),多元化PCB廠,全球PCB龍頭廠，產品線涵蓋HDI、軟板、硬板、載板等，近年積極布局高階載板市場，受惠於AI基礎設施需求成長。,規模優勢顯著，產品組合多元分散風險，在高階HDI與SLP(類載板)領域具備競爭力，客戶涵蓋蘋果等國際一線大廠。
ABF載板/IC載板,金像電 (2368),中小型廠,IC載板專業廠，主要產品為測試用IC載板與封裝用載板，應用於記憶體、邏輯IC等領域。,在記憶體測試載板市場具有一定地位，受惠於DDR5與HBM記憶體測試需求增加。
ABF載板/IC載板,楠梓電 (2316),中小型廠,IC載板與PCB製造商，產品包含FC-BGA載板、測試載板等，應用於通訊、消費性電子等領域。,在中階載板市場耕耘多年，具備穩定客戶基礎，受惠於整體載板需求回溫。
ABF載板/IC載板,定穎 (6251),中小型廠,HDI與載板製造商，主要產品為高階HDI板與IC載板，應用於智慧型手機、伺服器等領域。,在高階HDI與載板領域具備技術能力，受惠於AI伺服器與高階手機需求。
ABF載板/IC載板,志超 (8213),中小型廠,IC載板廠，主要產品為覆晶載板(FC-BGA)，應用於PC、網通、消費性電子等領域。,在中階FC-BGA載板市場有穩定出貨，受惠於PC與網通市場復甦。
ABF載板/IC載板,台光電 (2383),上游材料,銅箔基板(CCL)龍頭廠，為ABF載板上游關鍵材料供應商，產品應用於高階伺服器、AI運算等領域。,AI基板最大材料供應商，在前期推廣階段為主要選擇，降低量產風險。受惠於市場規模提升而營運持續成長，外資持續看好。
ABF載板/IC載板,聯茂 (6213),上游材料,高階CCL銅箔基板廠，產品應用於伺服器、網通、5G等高頻高速領域，為載板產業鏈上游關鍵供應商。,在高階CCL市場技術領先，受惠於AI伺服器與次世代HPC應用需求，營運周期重啟，2026年展望樂觀。股價表現強勁。
ABF載板/IC載板,台燿 (6274),上游材料,高階CCL銅箔基板廠，專注於高頻高速材料，產品應用於伺服器、網通等領域。,在高階CCL市場具競爭力，受惠於AI與HPC需求，股價創新高表現亮眼。
ABF載板/IC載板,全新 (2455),設備/通路,光通訊與矽光子概念股，同時為PCB設備與材料通路商，受惠於載板產業擴產需求。,在載板設備與材料通路扮演重要角色，同時布局矽光子領域，雙引擎驅動成長。


產業分類,個股代碼名稱,產業定位,公司業務說明,在該產業的地位與優勢
AI半導體/晶圓代工,台積電 (2330),全球龍頭,全球晶圓代工龍頭，市占率達71%，穩居純晶圓代工霸主地位。提供3nm/5nm等最先進製程技術，為NVIDIA、AMD、Apple等國際大廠主要製造夥伴。,在AI晶片製造領域掌握關鍵技術優勢，3nm製程量產領先全球，CoWoS先進封裝產能持續擴充，2025年市占率從64.4%躍升至69.9%，訂單能見度延伸至2027年。
AI半導體/晶圓代工,聯電 (2303),全球第四大,全球第四大晶圓代工廠，市占率6.4%，專注於28nm以上成熟製程與特殊製程，應用於電源管理IC、驅動IC、射頻等領域。,在成熟製程領域具備完整產能布局，受惠於IoT、車用電子、工控等應用需求，成熟製程報價持續調漲，產能利用率維持高檔。
AI半導體/晶圓代工,世界 (5347),,,
AI半導體/晶圓代工,環球晶 (6488),全球第三大矽晶圓廠,全球第三大半導體矽晶圓供應商，產品涵蓋8吋、12吋晶圓，應用於邏輯IC、記憶體、功率元件等領域。,受惠於AI帶動晶圓需求成長，12吋晶圓長約簽訂比率高，價格具支撐力，為台積電、聯電等晶圓代工廠關鍵材料供應商。
AI半導體/晶圓代工,合晶 (6182),,,
AI半導體/晶圓代工,中砂 (1560),,,
AI半導體/晶圓代工,嘉晶 (3016),,,
AI半導體/晶圓代工,昇陽半 (8028),,,
AI半導體/晶圓代工,台勝科 (3532),,,
AI半導體/晶圓代工,漢磊 (3707),,,
AI半導體/晶圓代工,穩懋 (3105),,,
AI半導體/晶圓代工,宏捷科 (8086),,,
AI伺服器組裝ODM,鴻海 (2317),全球電子代工龍頭,全球最大電子製造服務商，業務涵蓋AI伺服器、iPhone組裝、電動車、半導體封測等多元領域。,為NVIDIA GB200伺服器主要組裝廠，在AI伺服器組裝市占率與廣達並列前二，同時布局電動車與半導體供應鏈，集團資源整合能力強。
AI伺服器組裝ODM,廣達 (2382),AI伺服器組裝龍頭,全球筆電代工龍頭，近年轉型為AI伺服器組裝主要廠商，為NVIDIA、Microsoft、Google等大廠供應商。,AI伺服器出貨量全球第一，在液冷散熱系統整合能力領先，受惠雲端大廠資本支出持續擴張，訂單能見度延伸至2027年。
AI伺服器組裝ODM,緯創 (3231),,,
AI伺服器組裝ODM,英業達 (2356),,,
AI伺服器組裝ODM,緯穎 (6669),AI伺服器專業廠,專注於高階伺服器設計製造，為Meta、Microsoft等超大規模資料中心主要供應商，AI伺服器營收占比超過80%。,在客製化AI伺服器設計能力最強，技術含量高，毛利率優於同業，受惠代理式AI(Agentic AI)推理伺服器需求成長。
AI伺服器組裝ODM,神達 (2315),,,
AI伺服器組裝ODM,仁寶 (2324),,,
AI伺服器組裝ODM,和碩 (4938),,,
AI伺服器組裝ODM,佳世達 (2352),,,
AI伺服器組裝ODM,勤誠 (8210),,,
AI伺服器組裝ODM,技嘉 (2376),,,
AI伺服器組裝ODM,華擎 (3515),,,

產業分類,個股代碼名稱,產業定位,公司業務說明,在該產業的地位與優勢
IC設計服務(IP/ASIC),世芯-KY (3661),ASIC設計龍頭,全球領先ASIC客製化晶片設計服務商，專注於高效能運算、網路通訊等領域，為雲端業者自研晶片主要合作夥伴。,受惠雲端大廠(Google、AWS等)自研ASIC晶片趨勢，在7nm/5nm先進製程ASIC設計領域技術領先，營收與獲利持續高速成長。
IC設計服務(IP/ASIC),創意 (3443),ASIC設計服務前三大,ASIC客製化晶片設計服務商，專注於先進製程設計，為台積電CoWoS先進封裝主要設計夥伴之一。,在先進製程ASIC設計領域與世芯並列龍頭，受惠AI ASIC訂單持續湧入，與台積電技術合作緊密。
IC設計服務(IP/ASIC),智原 (3035),ASIC與IP供應商,ASIC設計服務與矽智財(IP)授權廠商，產品應用於AI、5G、車用等領域。,提供完整ASIC設計服務與IP授權，受惠於成熟製程報價上漲與AI邊緣運算需求。
IC設計服務(IP/ASIC),力旺 (3529),,,
IC設計服務(IP/ASIC),晶心科 (6533),,,
IC設計服務(IP/ASIC),M31 (6643),,,
IC設計服務(IP/ASIC),愛普 (6531),,,
IC設計服務(IP/ASIC),安國 (8054),,,
IC設計服務(IP/ASIC),瑞昱 (2379),,,
IC設計服務(IP/ASIC),聯發科 (2454),台灣IC設計龍頭,全球IC設計巨頭，主要產品為手機晶片、WiFi/藍牙晶片、智慧電視晶片等，近年積極布局AI ASIC與邊緣AI市場。,全球智慧型手機晶片市占率與高通並列前二，天璣系列5G晶片在中高階市場表現強勁，2026年AI ASIC業務成為新成長引擎，股價從1430元漲至2400元以上。
IC設計服務(IP/ASIC),聯詠 (3034),,,
IC設計服務(IP/ASIC),譜瑞-KY (4966),,,

產業分類,個股代碼名稱,產業定位,公司業務說明,在該產業的地位與優勢
代理式AI(Agentic AI)應用,零壹 (3029),科技服務商,雲端服務與AI應用系統整合商，提供企業雲端遷移、AI模型部署等服務。,在企業AI應用落地服務領域具優勢，受惠代理式AI市場規模從2024年5.7億美元成長至2030年521億美元(CAGR 45%)。
代理式AI(Agentic AI)應用,緯軟 (4953),軟體系統整合商,軟體開發與系統整合服務商，提供企業數位轉型、AI應用導入等解決方案。,受惠代理式AI(Agentic AI)企業應用需求，在金融、電信等產業累積深厚客戶基礎，軟體服務毛利率高。
代理式AI(Agentic AI)應用,宏碁資訊 (6811),,,
代理式AI(Agentic AI)應用,創惟 (6104),,,
代理式AI(Agentic AI)應用,精誠 (6214),,,
代理式AI(Agentic AI)應用,叡揚 (6752),,,
代理式AI(Agentic AI)應用,敦陽科 (2480),,,
代理式AI(Agentic AI)應用,凌群 (2453),,,
代理式AI(Agentic AI)應用,神通 (2318),,,
代理式AI(Agentic AI)應用,資通 (2471),,,
代理式AI(Agentic AI)應用,聚碩 (6112),,,
代理式AI(Agentic AI)應用,偉康 (6464),,,
代理式AI(Agentic AI)應用,緯穎 (6669),AI伺服器專業廠,專注於高階伺服器設計製造，為Meta、Microsoft等超大規模資料中心主要供應商，AI伺服器營收占比超過80%。,在客製化AI伺服器設計能力最強，技術含量高，毛利率優於同業，受惠代理式AI(Agentic AI)推理伺服器需求成長。
代理式AI(Agentic AI)應用,嘉澤 (3533),,,
代理式AI(Agentic AI)應用,華電網 (6163),,,
代理式AI(Agentic AI)應用,網家 (8044),,,
邊緣AI/工業電腦,研華 (2395),工業電腦龍頭,全球工業電腦與AIoT解決方案領導廠商，產品涵蓋邊緣運算、智慧製造、智慧城市等領域。,在邊緣AI與工業4.0領域市占率全球領先，受惠2026年邊緣AI硬體滲透率朝20%邁進，AI Box業務快速成長。
邊緣AI/工業電腦,樺漢 (6414),工業電腦前三大,工業電腦與醫療電腦專業廠，產品應用於智慧製造、智慧醫療、智慧零售等垂直產業。,透過併購整合策略擴大市占率，在垂直產業應用深耕多年，受惠邊緣AI需求成長。
邊緣AI/工業電腦,華碩 (2357),,,
邊緣AI/工業電腦,宏碁 (2353),,,
邊緣AI/工業電腦,微星 (2377),,,
邊緣AI/工業電腦,神基 (3005),,,
邊緣AI/工業電腦,凌華 (6166),,,
邊緣AI/工業電腦,艾訊 (3088),,,
邊緣AI/工業電腦,威強電 (3022),,,
邊緣AI/工業電腦,友通 (2397),,,
邊緣AI/工業電腦,振樺電 (8114),,,
邊緣AI/工業電腦,瑞傳 (6105),,,
邊緣AI/工業電腦,安勤 (3479),,,
邊緣AI/工業電腦,磐儀 (3594),,,
邊緣AI/工業電腦,康控-KY (4943),,,
邊緣AI/工業電腦,映泰 (2399),,,

產業分類,個股代碼名稱,產業定位,公司業務說明,在該產業的地位與優勢
先進封裝測試,日月光投控 (3711),全球封測龍頭,全球最大半導體封測集團，旗下日月光與矽品提供完整封測解決方案，包含先進封裝(SiP/Fan-out/CoWoS等)。,全球封測市占率超過20%，在先進封裝領域技術完整，矽光子技術已進入量產階段，為NVIDIA、AMD等大廠主要封測夥伴。
先進封裝測試,欣興 (3037),,,
先進封裝測試,景碩 (3189),,,
先進封裝測試,南電 (8046),,,
先進封裝測試,台光電 (2383),,,
先進封裝測試,聯茂 (6213),,,
先進封裝測試,臻鼎-KY (4958),,,
先進封裝測試,金像電 (2368),,,
先進封裝測試,定穎 (6251),,,
先進封裝測試,志超 (8213),,,
先進封裝測試,楠梓電 (2316),,,
先進封裝測試,精測 (6510),,,

產業分類,個股代碼名稱,產業定位,公司業務說明,在該產業的地位與優勢
散熱/電源供應,奇鋐 (3017),AI散熱龍頭,專注於高階散熱模組，主要產品為AI伺服器散熱器、熱導管、均溫板等，為NVIDIA供應鏈成員。,在AI伺服器液冷散熱領域技術領先，受惠AI晶片功耗持續提升，散熱規格與單價同步上揚。
散熱/電源供應,雙鴻 (3324),,,
散熱/電源供應,超眾 (6230),,,
散熱/電源供應,台達電 (2308),全球電源供應龍頭,全球電源供應與散熱解決方案龍頭，產品涵蓋AI伺服器電源、液冷散熱、儲能系統、電動車充電樁、工業自動化等多元領域。,AI伺服器電源市占率全球第一，液冷散熱營收達500億元，在HVDC高壓直流與水冷專案技術領先，同時受惠能源基礎建設與綠能轉型雙引擎驅動。
散熱/電源供應,康舒 (6282),,,
散熱/電源供應,建準 (2421),,,
散熱/電源供應,力致 (3483),,,
散熱/電源供應,泰碩 (3338),,,
散熱/電源供應,喬威 (3078),,,
散熱/電源供應,健策 (3653),,,
散熱/電源供應,茂達 (6138),,,
散熱/電源供應,台通 (8011),,,

產業分類,個股代碼名稱,產業定位,公司業務說明,在該產業的地位與優勢
,,,,
,,,,
,,,,
機器人/自動化,上銀 (2049),精密傳動元件龍頭,全球線性滑軌與滾珠螺桿領導廠商，產品應用於工具機、半導體設備、機器人等精密機械領域。,台積電董事長魏哲家指出人形機器人市場規模可達電動車10倍，上銀為機器人關鍵零組件主要供應商，技術門檻高。
機器人/自動化,盟立 (2464),,,
機器人/自動化,東佑達 (1597),,,
機器人/自動化,新代 (7750),,,
機器人/自動化,台達電 (2308),全球電源供應龍頭,全球電源供應與散熱解決方案龍頭，產品涵蓋AI伺服器電源、液冷散熱、儲能系統、電動車充電樁、工業自動化等多元領域。,AI伺服器電源市占率全球第一，液冷散熱營收達500億元，在HVDC高壓直流與水冷專案技術領先，同時受惠能源基礎建設與綠能轉型雙引擎驅動。
機器人/自動化,達明 (3686),協作型機器人廠商,協作型機器人(Cobot)製造商，產品應用於智慧製造、半導體、3C組裝等領域。,在協作型機器人市場具備完整產品線，結合視覺辨識與AI技術，受惠製造業自動化需求。
機器人/自動化,正崴 (2392),,,
機器人/自動化,亞德客-KY (1590),,,
機器人/自動化,直得 (1597),,,
機器人/自動化,全球傳動 (4540),,,
機器人/自動化,所羅門 (2359),,,
機器人/自動化,均豪 (5443),,,
機器人/自動化,牧德 (3563),,,
機器人/自動化,致茂 (2360),,,
機器人/自動化,盈錫 (1541),,,
機器人/自動化,瀧澤科 (6609),,,
機器視覺/3D感測,原相 (3227),影像感測IC設計廠,光學感測晶片設計廠，產品涵蓋全域快門影像感測器、3D ToF感測器等，應用於機器人、無人機、AR/VR等領域。,提供機器人視覺、聽覺、觸覺等全方位感測器方案，結合AI視覺技術，在機器人感測器市場占有一席之地。
機器視覺/3D感測,鈺太 (6679),,,
機器視覺/3D感測,大立光 (3008),光學鏡頭龍頭,全球智慧型手機鏡頭龍頭，產品應用於手機、車用、AR/VR等領域，技術領先全球。,在高階光學鏡頭製造技術獨步全球，受惠3D感測、機器視覺等新應用需求，為蘋果等國際大廠主要供應商。
機器視覺/3D感測,亞光 (3019),,,
機器視覺/3D感測,華晶科 (3059),,,
機器視覺/3D感測,佳能 (2374),,,
機器視覺/3D感測,今國光 (6209),,,
機器視覺/3D感測,凌陽 (2401),,,
機器視覺/3D感測,昇佳電子 (6702),,,
機器視覺/3D感測,廣明 (6188),,,
機器視覺/3D感測,富采 (3714),,,
機器視覺/3D感測,揚明光 (3504),,,
機器視覺/3D感測,玉晶光 (3406),,,
機器視覺/3D感測,先進光 (3362),,,
機器視覺/3D感測,光鋐 (4956),,,
機器視覺/3D感測,聯亞 (3081),矽光子領先廠商,光通訊與矽光子技術廠商，產品應用於800G/1.6T高速光收發模組，為AWS、Google等雲端大廠供應商。,2026年矽光子量產元年最大受惠者，在CPO共封裝光學技術領域布局完整，受惠AI資料中心頻寬升級需求。

產業分類,個股代碼名稱,產業定位,公司業務說明,在該產業的地位與優勢
特化族群(半導體材料),新應材 (6121),半導體材料新星,半導體特用化學品廠，核心產品為表面改質劑，已打入台積電2nm製程供應鏈，營收貢獻度達70%。,台積電2nm從FinFET轉向GAA架構，表面改質劑需求大增，在國產化替代趨勢下成為關鍵受惠者，股價漲勢凌厲。
特化族群(半導體材料),台特化 (4770),高純度矽乙烷獨家供應商,國內唯一生產高純度矽乙烷廠商，產品應用於2nm GAA製程，純度要求從PPM躍升至PPT級別。,在2nm製程中矽乙烷單位用量較3nm增加1.5至2倍，2026年稼動率預估從5-6成躍升至7-8成，獨家供應地位穩固。
特化族群(半導體材料),中華化 (1727),,,
特化族群(半導體材料),永光 (1711),,,
特化族群(半導體材料),長興 (1717),,,
特化族群(半導體材料),達興材 (5234),,,
特化族群(半導體材料),光洋科 (1785),,,
特化族群(半導體材料),崇越 (5434),,,
特化族群(半導體材料),勝一 (1773),,,
特化族群(半導體材料),和桐 (1714),,,
特化族群(半導體材料),國喬 (1312),,,
特化族群(半導體材料),台橡 (2103),,,
特化族群(半導體材料),聯成 (1313),,,
特化族群(半導體材料),三福化 (4755),,,
特化族群(半導體材料),德淵 (4720),,,
特化族群(半導體材料),三洋實業 (9958),,,

產業分類,個股代碼名稱,產業定位,公司業務說明,在該產業的地位與優勢
矽光子/CPO光通訊,聯亞 (3081),矽光子領先廠商,光通訊與矽光子技術廠商，產品應用於800G/1.6T高速光收發模組，為AWS、Google等雲端大廠供應商。,2026年矽光子量產元年最大受惠者，在CPO共封裝光學技術領域布局完整，受惠AI資料中心頻寬升級需求。
矽光子/CPO光通訊,全新 (2455),,,
矽光子/CPO光通訊,波若威 (3163),,,
矽光子/CPO光通訊,華星光 (4979),,,
矽光子/CPO光通訊,眾達-KY (4977),,,
矽光子/CPO光通訊,光環 (3234),,,
矽光子/CPO光通訊,劍麟 (2228),,,
矽光子/CPO光通訊,聯鈞 (3450),,,
矽光子/CPO光通訊,正文 (4906),,,
矽光子/CPO光通訊,東訊 (2321),,,
矽光子/CPO光通訊,光磊 (2340),,,
矽光子/CPO光通訊,光聖 (6442),,,

產業分類,個股代碼名稱,產業定位,公司業務說明,在該產業的地位與優勢
綠能/重電設備,東元 (1504),重電設備龍頭,台灣重電龍頭，產品涵蓋馬達、變壓器、發電機、空調系統等，近年受惠AI資料中心電力設備需求。,在AI資料中心電力基礎建設扮演關鍵角色，受惠全球能源轉型與電網升級需求，2026年被視為重電族群爆發年。
綠能/重電設備,大同 (2371),,,
綠能/重電設備,中興電 (1513),,,
綠能/重電設備,士電 (1503),,,
綠能/重電設備,華城 (1519),,,
綠能/重電設備,亞力 (1514),,,
綠能/重電設備,大亞 (1609),,,
綠能/重電設備,中鋼構 (2013),,,
綠能/重電設備,春源 (2010),,,
綠能/重電設備,森崴能源 (6806),,,
綠能/重電設備,元晶 (6443),,,
綠能/重電設備,太普高 (6617),,,

產業分類,個股代碼名稱,產業定位,公司業務說明,在該產業的地位與優勢
記憶體,南亞科 (2408),台灣DRAM龍頭,台灣唯一DRAM記憶體製造商，產品涵蓋DDR4/DDR5，應用於PC、伺服器、消費性電子等領域。南亞塑膠集團企業。,受惠AI伺服器DDR5需求強勁與DRAM價格上漲週期，產能利用率滿載，毛利率顯著改善，為台灣記憶體產業指標股。
記憶體,華邦電 (2344),利基型記憶體廠,NOR Flash與低功耗DRAM專業廠，產品應用於車用電子、工控、AIoT等利基市場。,在車用NOR Flash市場市占率全球前三，受惠於ADAS與電動車滲透率提升，利基型記憶體定價能力強。
記憶體,旺宏 (2337),,,
記憶體,群聯 (8299),NAND控制晶片龍頭,全球NAND Flash控制晶片龍頭，產品應用於SSD、記憶卡、USB隨身碟等儲存裝置。,NAND控制IC市占率全球第一，受惠於AI伺服器SSD需求與PCIe 5.0高速介面升級，技術領先優勢明顯。
記憶體,威剛 (3260),,,
記憶體,十銓 (4967),,,
記憶體,宜鼎 (5289),,,
記憶體,創見 (2451),,,
記憶體,鈺創 (5351),,,
記憶體,力成 (6239),,,
記憶體,京元電 (2449),,,
記憶體,頎邦 (6147),,,

產業分類,個股代碼名稱,產業定位,公司業務說明,在該產業的地位與優勢
電動車供應鏈,和大 (1536),,,
電動車供應鏈,貿聯-KY (3665),,,
電動車供應鏈,健和興 (3003),,,
電動車供應鏈,為升 (2231),,,
電動車供應鏈,美琪瑪 (4721),,,
電動車供應鏈,胡連 (6279),,,
電動車供應鏈,堤維西 (1522),,,
電動車供應鏈,車王電 (1533),,,
電動車供應鏈,同致 (3552),,,
電動車供應鏈,和勤 (1586),,,
電動車供應鏈,士林電 (1503),,,
電動車供應鏈,康普 (4739),,,

產業分類,個股代碼名稱,產業定位,公司業務說明,在該產業的地位與優勢
電子零組件業,2327 國巨,綜合型被動元件龍頭,主要產品涵蓋MLCC、晶片電阻、電感與磁性元件等，被動元件產品線完整,全球級被動元件大廠，產品組合廣、車用與工控布局深，議價能力與規模經濟較強
電子零組件業,2492 華新科,綜合型被動元件大廠,以MLCC、電阻等被動元件為主，並延伸到相關電子零組件,台灣重要MLCC供應商之一，產品線完整，具備客戶基礎與品牌辨識度
電子零組件業,3026 禾伸堂,MLCC/被動元件廠,主要從事被動元件相關產品，聚焦電容與其他電子零組件,在特定應用與客戶基礎上具備穩定供應能力，屬中大型被動元件廠
電子零組件業,6449 鈺邦,高階MLCC/利基型被動元件廠,專注於高階被動元件，特別是MLCC相關產品,切入高階與利基市場，較容易受惠於車用、工控與高規格應用
電子零組件業,2472 立隆電,電感/磁性元件廠,以電感、磁性元件等產品為主，供應電源與訊號相關應用,在電感與磁性元件領域有專業定位，受惠電源管理與高功率應用需求
電子零組件業,2428 興勤,保護元件/被動元件相關廠,產品偏向保護元件與被動元件應用，服務消費電子與工控客戶,在保護元件領域具有一定專業性，客戶黏著度與產品應用廣度較高
電子零組件業,2478 大毅,晶片電阻/被動元件廠,主要產品包括晶片電阻等被動元件,在晶片電阻領域具備穩定出貨與一定規模，屬台灣被動元件代表廠之一
電子零組件業,3090 日電貿,被動元件通路商,主要從事電子零組件代理與通路服務,通路布局完整，與上下游供應鏈連動高，能快速反映產業景氣
電子零組件業,5434 崇越,電子材料/通路相關,供應電子材料與部分零組件通路服務,供應鏈服務能力強，跨足電子材料與零組件，客戶與品項多元
電子零組件業,3624 光頡,精密電阻/被動元件廠,專注於高精度電阻與相關被動元件,在高精度與特殊應用電阻市場具利基，毛利結構通常較佳
電子零組件業,6175 立敦,被動元件/材料相關,從事被動元件與相關材料業務,具備供應鏈位置與特定產品能力，屬被動元件次族群標的
電子零組件業,6284 佳邦,RF/被動元件相關,產品涉及射頻與被動元件應用,在通訊與高頻應用領域具利基，受惠5G與通訊模組需求
電子零組件業,1785 光洋科,材料/電子零組件相關,主要為材料與電子應用相關產品,雖非傳統被動元件核心廠，但在相關電子材料與供應鏈中具角色

產業分類,個股代碼名稱,產業定位,公司業務說明,在該產業的地位與優勢
低軌衛星與地面設備,6285 啟碁,地面接收設備/網通系統整合商,提供星鏈地面接收端設備、衛星路由器與相關網通產品,屬SpaceX/Starlink地面設備核心供應鏈之一，具系統整合與量產能力。[web:80][web:84]
低軌衛星射頻元件,3491 昇達科,高頻射頻元件與天線酬載供應商,專攻低軌衛星天線酬載元件、高頻濾波器等產品,被多篇報導點名為較純的SpaceX供應鏈，具太空級認證與高頻技術優勢。[web:80][web:85]
低軌衛星PCB,2313 華通,通訊用高階PCB/HDI板廠,供應衛星本體與地面接收站通訊用高階HDI板,在低軌衛星PCB領域具高市佔與量產能力，屬題材純度較高的代表標的。[web:80][web:79][web:85]
低軌衛星PCB,2355 敬鵬,衛星設備板供應商,供應衛星設備相關印刷電路板,已被報導納入SpaceX供應鏈，具車電與高可靠度板材製造基礎。[web:80][web:86]
RF模組與高頻通訊,6271 同欣電,高頻無線通訊RF模組供應商,主要供應高頻無線通訊（RF）模組給國際客戶,具高頻封裝與模組整合能力，可切入衛星通訊與相關高頻應用。[web:34][web:84]
射頻天線/無線通訊,3138 耀登,射頻天線與測試整合廠,從事無線射頻天線開發與相關解決方案,具天線與高頻測試能力，適合低軌衛星與通訊設備應用。[web:34][web:84]
機構件與軍工供應鏈,4916 事欣科,軍工/通訊機構件與製造商,以ITAR認證切入美軍供應鏈，並為星鏈計畫成員,具軍規認證與國際供應鏈門檻，較容易取得高附加價值訂單。[web:77]
電子零組件與材料鏈,6190 萬泰科,線材/高速傳輸與周邊元件供應商,供應高速傳輸與相關電子零組件,受惠低軌衛星與高速通訊趨勢，具材料與連接應用延伸性。[web:83]
先進製程與晶片代工,2333 台積電,晶片代工龍頭,為相關通訊晶片與高階晶片提供製造服務,製程技術與產能規模具世界級優勢，是高階供應鏈的重要基礎。[web:80]
AI伺服器/資料中心,2382 廣達,伺服器與系統整合廠,供應地面大型基礎設施與伺服器端設備,若SpaceX延伸至太空AI/資料中心，廣達具系統整合與量產優勢。[web:80][web:84]
AI伺服器/資料中心,3231 緯創,伺服器與資訊硬體整合商,供應AI伺服器與相關硬體系統,具大型ODM整合與出貨能力，可延伸受惠太空資料中心想像。[web:80]
電源與散熱,2308 台達電,電源管理與散熱解決方案供應商,供應電源、散熱與系統解決方案,在高功率、高可靠度設備鏈中具深厚技術與客戶基礎。[web:80][web:84]
PCB/高階載板,2368 金像電,高階PCB廠,供應高階通訊與伺服器用PCB,具高階板材與量產能力，適合高頻高速通訊與衛星設備需求。[web:80]
通訊設備與網通,6285 啟碁,網通系統與終端設備商,提供路由器、地面站與通訊設備,在衛星地面設備端整合能力強，能承接系統級訂單。[web:80]

產業分類,個股代碼名稱,產業定位,公司業務說明,在該產業的地位與優勢
折疊手機軸承/鉸鏈,3376 新日興,全球手機與筆電軸承廠,主要供應筆電、耳機與手機軸承，市場傳出切入蘋果摺疊機鉸鏈供應鏈,具高精密轉軸技術與既有蘋果系供應基礎，被視為蘋果摺疊機概念中的高純度標的之一。[web:48][web:89][web:91]
折疊手機軸承/鉸鏈,3548 兆利,手機與NB軸承供應商,主要產品為3C、NB與手機軸承，並持續布局高階折疊機鉸鏈,在中國與蘋果摺疊機題材中都具想像空間，量產與客戶驗證能力是主要優勢。[web:55][web:87][web:88]
折疊手機軸承/鉸鏈,6432 富世達,高階軸承與伺服器零組件廠,原本以折疊手機軸承切入市場，後續延伸至伺服器與散熱相關零組件,除了折疊機題材外，還有伺服器產品成長，營運動能較多元，成為市場關注焦點。[web:87][web:88]
折疊手機軟板/連接,6269 台郡,軟板與高階連接方案廠,供應高階軟板與訊號連接解決方案，可應用於折疊手機內部連接,在高階軟板與通訊應用具多年經驗，較能支撐高密度與耐彎折需求。[web:93]
折疊手機軟板/連接,2492 華新科,電子零組件相關,部分高頻與連接應用可延伸至折疊手機周邊零組件,產品線完整，在電子零組件整合能力上具規模優勢。[web:93]
折疊手機軟板/連接,4958 臻鼎-KY,高階PCB/FPC大廠,全球大型軟板與高階PCB供應商，折疊手機大量使用FPC與HDI設計,具全球量產能力與蘋果供應鏈地位，是折疊手機供應鏈中重要的板卡供應者。[web:93][web:64]
折疊手機面板,3673 TPK-KY,觸控與貼合龍頭,提供觸控、貼合與整合方案，可延伸至折疊螢幕周邊製程,在貼合與精密顯示模組製程有深厚能力，適合高階手機面板應用。[web:61]
折疊手機面板,6456 GIS-KY,觸控/面板模組廠,從事顯示模組、觸控與相關組裝服務,具蘋果供應鏈基礎與精密組裝能力，較容易切入折疊手機顯示周邊。[web:52][web:64]
折疊手機機構件,2474 可成,金屬機殼與機構件大廠,提供高階金屬機構件與精密加工,在高強度、輕量化機構件製造上具有優勢，符合折疊手機輕薄高耐用需求。[web:50][web:87]
折疊手機機構件,4915 致伸,機構與電聲整合廠,產品線可延伸到機構件與電子整合應用,具系統整合與客製化能力，能支援折疊手機周邊零組件需求。[web:50]
折疊手機散熱,3324 雙鴻,散熱模組廠,提供高階散熱模組與熱管理解決方案,折疊手機內部空間有限，散熱設計重要性高，雙鴻在高階散熱具技術門檻。[web:87]
折疊手機散熱,2421 建準,風扇與散熱解決方案廠,供應風扇、散熱與熱管理產品,在高可靠度散熱應用具量產與客戶基礎，可受惠折疊裝置散熱需求。[web:87]
折疊手機通路/組裝,2317 鴻海,EMS代工與系統整合龍頭,負責大型品牌手機與電子產品組裝，市場傳出有機會切入蘋果折疊機供應鏈,具全球最大規模EMS能力與蘋果供應鏈地位，若切入折疊機組裝具高槓桿效果。[web:90][web:52]
折疊手機關鍵材料,2002 中鋼,材料供應相關,提供金屬材料與特殊鋼材應用,折疊機對高強度材料需求高，材料端具間接受惠機會。[web:93]

產業分類,個股代碼名稱,產業定位,公司業務說明,在該產業的地位與優勢
AI眼鏡核心晶片,2330 台積電,晶圓代工龍頭,提供AI眼鏡SoC、AR/VR晶片所需的高階製程代工,全球頂級製程與產能，多數國際大廠AI眼鏡核心晶片依賴其供應。[web:98][web:99]
AI眼鏡晶片設計,2454 聯發科,系統單晶片（SoC）設計廠,供應AR/VR與AI相關晶片方案，並與Meta等合作開發AI眼鏡晶片,具備高整合度SoC設計與AI加速能力，是非Apple陣營AI眼鏡重要晶片來源。[web:101][web:104]
LED/Micro顯示元件,3714 富采,Micro LED與LED元件供應商,提供高亮度、低功耗顯示與照明元件,在Micro LED與高階顯示元件技術具領先地位，可切入AR/眼鏡微型顯示方案。[web:100][web:101]
光學模組,3406 玉晶光,光學鏡頭與模組廠,供應高階光學鏡頭與相機模組,在手機級光學模組具深厚經驗，可延伸支援AI眼鏡光學與感測設計。[web:98][web:101]
光學模組,3506 楊明光,小型光學與鏡頭模組廠,提供小型光學模組與薄型化鏡頭,在小型化光學元件具優勢，符合眼鏡與穿戴裝置空間限制。[web:98][web:101]
光學鍍膜與材料,6742 澤米,光學鍍膜與材料廠,供應AR/光學鍍膜與半導體光學元件,可支援高階光學鏡片與鍍膜，技術門檻高，迎向上游關鍵材料需求。[web:102][web:103]
光學元件與感測,6209 今國光,光學元件與感測器廠,供應紅外線成像、光學元件與AR相關感測模組,在紅外與感測應用具先進技術，可切入AI眼鏡感測與夜視等利基。[web:105][web:101]
光學與顯示模組,3019 亞光,小型光學模組與顯示方案商,提供光學模組與顯示相關產品,具微型光學與顯示整合能力，可應用於眼鏡與穿戴光學設計。[web:101][web:103]
感測器與晶片設計,3227 原相,光學感測器IC設計廠,提供影像感測器與相關控制晶片,在小型感測器與低功耗設計具優勢，適用於AI眼鏡影像與感測應用。[web:101][web:108]
PCB與高階板卡,2313 華通,高階通訊PCB/HDI板廠,提供高階PCB、HDI與高頻板,在高頻、高密度板領域具量產實力，適合AI眼鏡與高階穿戴設備所需訊號板。[web:98][web:99]
PCB與高階板卡,4958 臻鼎-KY,高階軟板與FPC大廠,提供高階FPC與PCB模組,量產與技術領先，可支援折疊、穿戴與AI眼鏡內部高密度布線。[web:96][web:99]
散熱與熱管理,2314 全新,磊晶與散熱元件廠,提供高階磊晶材料與熱管理元件,在高階磊晶與散熱元件領域具規模，可支援AI眼鏡散熱與高階元件需求。[web:98][web:99]
散熱與熱管理,2451 茂矽,半導體與材料相關,供應高階材料與元件,在高階材料與半導體元件供應有基礎，可間接受惠AI眼鏡高階零組件與散熱。[web:98][web:101]
LED與光電元件,8105 鼎元,光電與LED元件廠,提供光電與LED元件產品,在光電與顯示元件領域有經驗，可支援AI眼鏡與穿戴光學方案。[web:101]
系統與品牌端,2498 宏達電,AR/VR與穿戴設備品牌,推出HTC VIVE Eagle等AR/AI眼鏡產品,在AR/VR與穿戴領域有先進技術，可直接參與AI眼鏡品牌戰場。[web:101]
系統與ODM,2382 廣達,伺服器與系統整合大廠,提供伺服器、AI與穿戴設備ODM服務,在高階系統與AI設備整合具領先地位，可承接AI眼鏡與AR設備設計製造。[web:100][web:107]
系統與ODM,2324 仁寶,電子代工與ODM廠商,提供筆電與穿戴設備ODM服務,在小型化電子設備與穿戴裝置具量產能力，具備切入AI眼鏡組裝與系統方案潛力。[web:107][web:101]